{"loss": [6.327983379364014, 5.8840813636779785, 5.733906269073486, 5.649510860443115, 5.592284202575684, 5.54838752746582, 5.515361309051514, 5.473727703094482, 5.445833683013916, 5.411317348480225, 5.380118370056152, 5.350088596343994, 5.323797702789307, 5.298065662384033, 5.276068687438965, 5.2435760498046875, 5.219873428344727, 5.1919026374816895], "accuracy": [0.012669062241911888, 0.023584816604852676, 0.028565719723701477, 0.03207610547542572, 0.034828610718250275, 0.0365404412150383, 0.03910441696643829, 0.04164954274892807, 0.04423614218831062, 0.04667568951845169, 0.050012633204460144, 0.052011024206876755, 0.05446188524365425, 0.05713897943496704, 0.05918639153242111, 0.06209725886583328, 0.06502697616815567, 0.06741750985383987], "val_loss": [6.203596115112305, 5.9573283195495605, 5.896885395050049, 5.832269191741943, 5.825683116912842, 5.843269348144531, 5.79958438873291, 5.805103778839111, 5.812083721160889, 5.792895793914795, 5.764087677001953, 5.844772815704346, 5.8028483390808105, 5.7904052734375, 5.833868980407715, 5.812474727630615, 5.853213787078857, 5.8432841300964355], "val_accuracy": [0.01881188154220581, 0.02211221121251583, 0.02541254088282585, 0.026402641087770462, 0.029702970758080482, 0.025082508102059364, 0.027392739430069923, 0.033993400633335114, 0.029702970758080482, 0.03465346619486809, 0.034983497112989426, 0.03102310188114643, 0.031683169305324554, 0.03201320022344589, 0.03201320022344589, 0.03432343155145645, 0.030693069100379944, 0.03861385956406593]}